achillea-millefolium|Infusion
achillea-millefolium|Extract
achillea-millefolium|Decoction
achillea-millefolium|Tincture
achillea-millefolium|Cream
achillea-millefolium|Ointment
achillea-millefolium|Salve
achillea-millefolium|Powder
achillea-millefolium|Syrup
achillea-millefolium|Tea
acorus-calamus|oil
acorus-calamus|tea
acorus-calamus|capsules
acorus-calamus|tincture
acorus-calamus|tablets
acorus-calamus|extract
acorus-calamus|powder
acorus-calamus|infusion
acorus-calamus|capsules
acorus-calamus|syrup
allium-sativum|extract
allium-sativum|oil
allium-sativum|powder
allium-sativum|capsules
allium-sativum|tincture
allium-sativum|tea
allium-sativum|tablets
allium-sativum|lozenges
allium-sativum|sprays
allium-sativum|infusions
aloe-vera|gel
aloe-vera|juice
aloe-vera|capsules
aloe-vera|cream
aloe-vera|lotion
aloe-vera|ointment
aloe-vera|spray
aloe-vera|pills
aloe-vera|extract
aloe-vera|powder
ammi-visnaga|Tea
ammi-visnaga|Capsules
ammi-visnaga|Tincture
ammi-visnaga|Ointment
ammi-visnaga|Tablets
ammi-visnaga|Syrup
ammi-visnaga|Drops
ammi-visnaga|Infusion
ammi-visnaga|Powder
ammi-visnaga|Extract
angelica-sinensis|tablets
angelica-sinensis|soup
angelica-sinensis|Decoction
angelica-sinensis|Pills
angelica-sinensis|Tea
angelica-sinensis|Tincture
angelica-sinensis|Infusion
angelica-sinensis|Capsule
angelica-sinensis|Powder
angelica-sinensis|Extract
apium-graveolens|powder
apium-graveolens|Infused oil
apium-graveolens|Tincture
apium-graveolens|Tea
apium-graveolens|Decoction
apium-graveolens|Syrup
apium-graveolens|Capsule
apium-graveolens|Extract
apium-graveolens|Poultice
apium-graveolens|Salve
aesculus-hippocastanum|Infusions
aesculus-hippocastanum|Tinctures
aesculus-hippocastanum|Tablets
aesculus-hippocastanum|Capsules
aesculus-hippocastanum|Powders
aesculus-hippocastanum|Drops
aesculus-hippocastanum|Solution
aesculus-hippocastanum|Elixirs
aesculus-hippocastanum|Teas
aesculus-hippocastanum|Extracts
alpinia-officinarum|extract
alpinia-officinarum|oil
alpinia-officinarum|powder
alpinia-officinarum|capsule
alpinia-officinarum|tea
alpinia-officinarum|tincture
alpinia-officinarum|tablets
alpinia-officinarum|infusion
alpinia-officinarum|decoction
alpinia-officinarum|syrup
